01282025100051, 14, "Stanley #2 Philips Screwdriver", $6.95, 0%, $6.95, January 28, 2025, 10:00:51AM EST

01282025100155, 14, "Stanley #2 Philips Screwdriver", $6.95, 0%, $6.95, January 28, 2025, 10:01:55AM EST

01282025115940, 67913, "Gios Torino t-shirt size XXL", $25.00, 0%, $25.00, January 28, 2025, 11:59:40AM EST
01282025115940, 22345532, "3 ft mini USB cable M-F", $4.50, 20%, $360.00, January 28, 2025, 11:59:40AM EST
01282025115940, 2190, "Hefty 30 gal with handles - box 40", $19.00, 0%, $19.00, January 28, 2025, 11:59:40AM EST
01282025115940, 387, "Brachs butterscotch hard candy - 1 lb", $4.50, 15%, $42.07, January 28, 2025, 11:59:40AM EST
01282025115940, 2, "Tamiya 2oz paint - ferrari red", $2.39, 0%, $7.17, January 28, 2025, 11:59:40AM EST

01282025120055, 2, "Tamiya 2oz paint - ferrari red", $2.39, 0%, $7.17, January 28, 2025, 12:00:55PM EST
01282025120055, 4762, "HP copy paper ultra white - ream", $13.50, 0%, $13.50, January 28, 2025, 12:00:55PM EST
01282025120055, 29741, "Plush teddy bear 8 inch", $24.00, 0%, $48.00, January 28, 2025, 12:00:55PM EST
01282025120055, 14, "Stanley #2 Philips Screwdriver", $6.95, 10%, $37.53, January 28, 2025, 12:00:55PM EST

01282025120445, 2, "Tamiya 2oz paint - ferrari red", $2.39, 0%, $9.56, January 28, 2025, 12:04:45PM EST
01282025120445, 2190, "Hefty 30 gal with handles - box 40", $19.00, 20%, $1520.00, January 28, 2025, 12:04:45PM EST
01282025120445, 387, "Brachs butterscotch hard candy - 1 lb", $4.50, 20%, $75.60, January 28, 2025, 12:04:45PM EST
01282025120445, 19981, "Pledge furniture polish 13oz", $6.50, 0%, $13.00, January 28, 2025, 12:04:45PM EST
01282025120445, 8543, "Ritchey 1 inch threaded headset - silver", $45.00, 0%, $45.00, January 28, 2025, 12:04:45PM EST

01282025120743, 2, "Tamiya 2oz paint - ferrari red", $2.39, 0%, $2.39, January 28, 2025, 12:07:43PM EST
01282025120743, 14, "Stanley #2 Philips Screwdriver", $6.95, 0%, $6.95, January 28, 2025, 12:07:43PM EST
01282025120743, 198, "Box of 10 Sharpie Roller 0.5mm", $6.50, 20%, $6416.80, January 28, 2025, 12:07:43PM EST
01282025120743, 387, "Brachs butterscotch hard candy - 1 lb", $4.50, 20%, $90.00, January 28, 2025, 12:07:43PM EST
01282025120743, 455654, "Park Tool 8mm threaded hook", $6.95, 20%, $83.40, January 28, 2025, 12:07:43PM EST

01282025120835, 14, "Stanley #2 Philips Screwdriver", $6.95, 0%, $6.95, January 28, 2025, 12:08:35PM EST

01282025120902, 14, "Stanley #2 Philips Screwdriver", $6.95, 0%, $6.95, January 28, 2025, 12:09:02PM EST

01282025170614, 22345532, "3 ft mini USB cable M-F", $4.50, 20%, $360.00, January 28, 2025, 05:06:14PM EST
01282025170614, 14, "Stanley #2 Philips Screwdriver", $6.95, 15%, $59.07, January 28, 2025, 05:06:14PM EST
01282025170614, 387, "Brachs butterscotch hard candy - 1 lb", $4.50, 10%, $20.25, January 28, 2025, 05:06:14PM EST
01282025170614, 286934, "1 lb - coffee beans", $6.50, 0%, $6.50, January 28, 2025, 05:06:14PM EST
01282025170614, 65435689, "12x16 paper cutter with ruler", $35.95, 0%, $71.90, January 28, 2025, 05:06:14PM EST

01282025171916, 14, "Stanley #2 Philips Screwdriver", $6.95, 0%, $6.95, January 28, 2025, 05:19:16PM EST
01282025171916, 2, "Tamiya 2oz paint - ferrari red", $2.39, 0%, $2.39, January 28, 2025, 05:19:16PM EST
01282025171916, 22345532, "3 ft mini USB cable M-F", $4.50, 20%, $360.00, January 28, 2025, 05:19:16PM EST

